,gamma,alpha,tau,log_like
0,1.0,0.0017224141272188492,0.37444213689133415,-1051.2923108602497
