,alpha,gamma,tau
0,0.3,0.7775991910128947,0.24866163059185664
